run_kind,path,name,family,sweep_group,verdict,reason,protected_by,mtime_iso,size_bytes,heavy_bytes,ckpt_dir,inference_dir,baselines_dir
train,/scratch/11114/zhixingliu/AI-RES/runs/sfno_full,sfno_full,sfno_full,,,,protected_train_dir,2026-04-29T04:12:14,5130885285,5130775494,/scratch/11114/zhixingliu/AI-RES/runs/sfno_full/plasim_sim52_full/0/training_checkpoints,,
train,/scratch/11114/zhixingliu/AI-RES/runs/sfno_group_sigma10_full,sfno_group_sigma10_full,sfno_group_sigma10_full,,,,protected_train_dir,2026-05-10T20:03:46,10223786924,0,,,
train,/scratch/11114/zhixingliu/AI-RES/runs/sfno_group_sigma10_smoke,sfno_group_sigma10_smoke,sfno_group_sigma10_smoke,,,,protected_train_dir,2026-05-09T23:56:14,2583237787,0,,,
train,/scratch/11114/zhixingliu/AI-RES/runs/sfno_short,sfno_short,sfno_short,,,,protected_train_dir,2026-04-27T20:27:13,150747081,150690014,/scratch/11114/zhixingliu/AI-RES/runs/sfno_short/plasim_sim52_short/0/training_checkpoints,,
train,/scratch/11114/zhixingliu/AI-RES/runs/sfno_short_diagnostics,sfno_short_diagnostics,sfno_short_diagnostics,,,,protected_train_dir,2026-04-27T20:37:11,14243,0,/scratch/11114/zhixingliu/AI-RES/runs/sfno_short_diagnostics/plasim_sim52_short/0/training_checkpoints,,
train,/scratch/11114/zhixingliu/AI-RES/runs/sfno_smoke,sfno_smoke,sfno_smoke,,,,protected_train_dir,2026-05-02T07:32:43,750643,665684,/scratch/11114/zhixingliu/AI-RES/runs/sfno_smoke/plasim_sim52_smoke/0/training_checkpoints,,
train,/scratch/11114/zhixingliu/AI-RES/runs/sfno_tiny,sfno_tiny,sfno_tiny,,,,protected_train_dir,2026-04-27T20:09:00,4278527,4230334,/scratch/11114/zhixingliu/AI-RES/runs/sfno_tiny/plasim_sim52_tiny/0/training_checkpoints,,
train,/scratch/11114/zhixingliu/AI-RES/runs/sfno_zgplev_full,sfno_zgplev_full,sfno_zgplev_full,,,,protected_train_dir,2026-05-06T16:58:15,7268668997,7268512345,/scratch/11114/zhixingliu/AI-RES/runs/sfno_zgplev_full/plasim_sim52_zgplev_full/0/training_checkpoints,,
train,/scratch/11114/zhixingliu/AI-RES/runs/sfno_zgplev_full.pre-ema-20260504,sfno_zgplev_full.pre-ema-20260504,sfno_zgplev_full.pre-ema-20260504,,,,protected_train_dir,2026-05-03T23:27:03,5130885720,5130775494,/scratch/11114/zhixingliu/AI-RES/runs/sfno_zgplev_full.pre-ema-20260504/plasim_sim52_zgplev_full/0/training_checkpoints,,
train,/scratch/11114/zhixingliu/AI-RES/runs/sfno_zgplev_full_gb16_lr1e4_20260508,sfno_zgplev_full_gb16_lr1e4_20260508,sfno_zgplev_full_gb16_lr1e4_20260508,G1,PRUNE,old + dominated (GB4 won per project_zgplev_gb_decision),,2026-05-09T02:01:14,7268658265,7268512089,/scratch/11114/zhixingliu/AI-RES/runs/sfno_zgplev_full_gb16_lr1e4_20260508/plasim_sim52_zgplev_full/0/training_checkpoints,,
train,/scratch/11114/zhixingliu/AI-RES/runs/sfno_zgplev_full_gb16_lr2e4_20260509,sfno_zgplev_full_gb16_lr2e4_20260509,sfno_zgplev_full_gb16_lr2e4_20260509,G1,PRUNE,old + dominated (GB4 won),,2026-05-09T05:09:49,9167,0,/scratch/11114/zhixingliu/AI-RES/runs/sfno_zgplev_full_gb16_lr2e4_20260509/plasim_sim52_zgplev_full/0/training_checkpoints,,
train,/scratch/11114/zhixingliu/AI-RES/runs/sfno_zgplev_full_gb16_lr2e4_20260509_retry1,sfno_zgplev_full_gb16_lr2e4_20260509_retry1,sfno_zgplev_full_gb16_lr2e4_20260509_retry1,G1,PRUNE,old + dominated (GB4 won),,2026-05-09T19:24:07,7268665613,7268512089,/scratch/11114/zhixingliu/AI-RES/runs/sfno_zgplev_full_gb16_lr2e4_20260509_retry1/plasim_sim52_zgplev_full/0/training_checkpoints,,
train,/scratch/11114/zhixingliu/AI-RES/runs/sfno_zgplev_full_gb32_20260508,sfno_zgplev_full_gb32_20260508,sfno_zgplev_full_gb32_20260508,G1,PRUNE,old + dominated (GB4 won),,2026-05-08T13:02:44,7268657125,7268512089,/scratch/11114/zhixingliu/AI-RES/runs/sfno_zgplev_full_gb32_20260508/plasim_sim52_zgplev_full/0/training_checkpoints,,
train,/scratch/11114/zhixingliu/AI-RES/runs/sfno_zgplev_full_microbench,sfno_zgplev_full_microbench,sfno_zgplev_full_microbench,,,,protected_train_dir,2026-05-08T00:04:16,125349,0,,,
train,/scratch/11114/zhixingliu/AI-RES/runs/sfno_zgplev_full_smoke_post_i3_20260508,sfno_zgplev_full_smoke_post_i3_20260508,sfno_zgplev_full_smoke_post_i3_20260508,,,,protected_train_dir,2026-05-08T00:44:16,5558325150,5558273020,/scratch/11114/zhixingliu/AI-RES/runs/sfno_zgplev_full_smoke_post_i3_20260508/plasim_sim52_zgplev_full/0/training_checkpoints,,
train,/scratch/11114/zhixingliu/AI-RES/runs/sfno_zgplev_gbhpo40_gb16_lr2_0e-4_20260511,sfno_zgplev_gbhpo40_gb16_lr2_0e-4_20260511,sfno_zgplev_gbhpo40_gb16_lr2_0e-4_20260511,G1,PRUNE,old + dominated (GB4 won),,2026-05-12T15:43:00,7268657002,7268512601,/scratch/11114/zhixingliu/AI-RES/runs/sfno_zgplev_gbhpo40_gb16_lr2_0e-4_20260511/plasim_sim52_zgplev_gbhpo40_gb16_lr2_0e-4/0/training_checkpoints,,
train,/scratch/11114/zhixingliu/AI-RES/runs/sfno_zgplev_gbhpo40_gb16_lr2_83e-4_20260511,sfno_zgplev_gbhpo40_gb16_lr2_83e-4_20260511,sfno_zgplev_gbhpo40_gb16_lr2_83e-4_20260511,G1,PRUNE,old + dominated (GB4 won),,2026-05-12T15:01:13,7268657249,7268512601,/scratch/11114/zhixingliu/AI-RES/runs/sfno_zgplev_gbhpo40_gb16_lr2_83e-4_20260511/plasim_sim52_zgplev_gbhpo40_gb16_lr2_83e-4/0/training_checkpoints,,
train,/scratch/11114/zhixingliu/AI-RES/runs/sfno_zgplev_group_clone,sfno_zgplev_group_clone,sfno_zgplev_group_clone,G2,PRUNE,old; superseded by v11 lineage,,2026-05-10T14:21:50,7268696384,7268512857,/scratch/11114/zhixingliu/AI-RES/runs/sfno_zgplev_group_clone/plasim_sim52_zgplev_group_clone/0/training_checkpoints,,
train,/scratch/11114/zhixingliu/AI-RES/runs/sfno_zgplev_group_clone_gb32,sfno_zgplev_group_clone_gb32,sfno_zgplev_group_clone_gb32,G2,PRUNE,dominated by GB4 (G1) and superseded by v11_gb32 (G4),,2026-05-15T21:27:38,7268657882,7268512601,/scratch/11114/zhixingliu/AI-RES/runs/sfno_zgplev_group_clone_gb32/plasim_sim52_zgplev_group_clone_gb32/0/training_checkpoints,,
train,/scratch/11114/zhixingliu/AI-RES/runs/sfno_zgplev_group_clone_nonoise,sfno_zgplev_group_clone_nonoise,sfno_zgplev_group_clone_nonoise,G2,PRUNE,old; nonoise is known loser per feedback_input_noise_is_load_bearing,,2026-05-11T11:22:18,7268682733,7268512729,/scratch/11114/zhixingliu/AI-RES/runs/sfno_zgplev_group_clone_nonoise/plasim_sim52_zgplev_group_clone_nonoise/0/training_checkpoints,,
train,/scratch/11114/zhixingliu/AI-RES/runs/sfno_zgplev_group_clone_smoke,sfno_zgplev_group_clone_smoke,sfno_zgplev_group_clone_smoke,G2,PRUNE,old smoke run; no scientific record needed,,2026-05-09T21:27:34,3848111371,3848033567,/scratch/11114/zhixingliu/AI-RES/runs/sfno_zgplev_group_clone_smoke/plasim_sim52_zgplev_group_clone_smoke/0/training_checkpoints,,
train,/scratch/11114/zhixingliu/AI-RES/runs/sfno_zgplev_group_clone_v10_warmstart,sfno_zgplev_group_clone_v10_warmstart,sfno_zgplev_group_clone_v10_warmstart,G2,KEEP,live v10 warm-start line of inquiry; not obsoleted by v11,,2026-05-15T08:27:39,7268770765,7268512601,/scratch/11114/zhixingliu/AI-RES/runs/sfno_zgplev_group_clone_v10_warmstart/plasim_sim52_zgplev_group_clone_v10_warmstart/0/training_checkpoints,,
train,/scratch/11114/zhixingliu/AI-RES/runs/sfno_zgplev_group_clone_v11,sfno_zgplev_group_clone_v11,sfno_zgplev_group_clone_v11,G3,PRUNE,old; v11 baseline obsoleted by v11_clip + v11_gb32 lineage,,2026-05-12T04:06:34,7268658013,7268512601,/scratch/11114/zhixingliu/AI-RES/runs/sfno_zgplev_group_clone_v11/plasim_sim52_zgplev_group_clone_v11/0/training_checkpoints,,
train,/scratch/11114/zhixingliu/AI-RES/runs/sfno_zgplev_group_clone_v11_clip,sfno_zgplev_group_clone_v11_clip,sfno_zgplev_group_clone_v11_clip,G3,PRUNE,old; clip A/B concluded,,2026-05-13T16:40:39,7268663551,7268512601,/scratch/11114/zhixingliu/AI-RES/runs/sfno_zgplev_group_clone_v11_clip/plasim_sim52_zgplev_group_clone_v11_clip/0/training_checkpoints,,
train,/scratch/11114/zhixingliu/AI-RES/runs/sfno_zgplev_group_clone_v11_clip_warmstart,sfno_zgplev_group_clone_v11_clip_warmstart,sfno_zgplev_group_clone_v11_clip_warmstart,G3,PRUNE,old; warmstart variant of obsoleted v11_clip,,2026-05-15T06:23:17,7268664767,7268512601,/scratch/11114/zhixingliu/AI-RES/runs/sfno_zgplev_group_clone_v11_clip_warmstart/plasim_sim52_zgplev_group_clone_v11_clip_warmstart/0/training_checkpoints,,
train,/scratch/11114/zhixingliu/AI-RES/runs/sfno_zgplev_group_clone_v11_gb32,sfno_zgplev_group_clone_v11_gb32,sfno_zgplev_group_clone_v11_gb32,G4,PRUNE,old; baseline (lr=2.83e-4) dominated by lr8e4,,2026-05-15T21:34:06,7268658543,7268512601,/scratch/11114/zhixingliu/AI-RES/runs/sfno_zgplev_group_clone_v11_gb32/plasim_sim52_zgplev_group_clone_v11_gb32/0/training_checkpoints,,
train,/scratch/11114/zhixingliu/AI-RES/runs/sfno_zgplev_group_clone_v11_gb32_lr1p13e3,sfno_zgplev_group_clone_v11_gb32_lr1p13e3,sfno_zgplev_group_clone_v11_gb32_lr1p13e3,G4,PRUNE,"dominated (the ""~1e-3 degraded"" probe)",,2026-05-17T21:27:16,7268663543,7268512601,/scratch/11114/zhixingliu/AI-RES/runs/sfno_zgplev_group_clone_v11_gb32_lr1p13e3/plasim_sim52_zgplev_group_clone_v11_gb32_lr1p13e3/0/training_checkpoints,,
train,/scratch/11114/zhixingliu/AI-RES/runs/sfno_zgplev_group_clone_v11_gb32_lr1p13e3_noise0p035,sfno_zgplev_group_clone_v11_gb32_lr1p13e3_noise0p035,sfno_zgplev_group_clone_v11_gb32_lr1p13e3_noise0p035,G4,PRUNE,dominated (1.13e-3 LR loser; noise=0.035 also a loser per G6),,2026-05-17T23:38:48,7268581867,7268512601,/scratch/11114/zhixingliu/AI-RES/runs/sfno_zgplev_group_clone_v11_gb32_lr1p13e3_noise0p035/plasim_sim52_zgplev_group_clone_v11_gb32_lr1p13e3_noise0p035/0/training_checkpoints,,
train,/scratch/11114/zhixingliu/AI-RES/runs/sfno_zgplev_group_clone_v11_gb32_lr1p6e3,sfno_zgplev_group_clone_v11_gb32_lr1p6e3,sfno_zgplev_group_clone_v11_gb32_lr1p6e3,G4,PRUNE,"dominated (the ""1.6e-3 unstable"" probe)",,2026-05-17T22:10:35,7268623048,7268512601,/scratch/11114/zhixingliu/AI-RES/runs/sfno_zgplev_group_clone_v11_gb32_lr1p6e3/plasim_sim52_zgplev_group_clone_v11_gb32_lr1p6e3/0/training_checkpoints,,
train,/scratch/11114/zhixingliu/AI-RES/runs/sfno_zgplev_group_clone_v11_gb32_lr2p83e4,sfno_zgplev_group_clone_v11_gb32_lr2p83e4,sfno_zgplev_group_clone_v11_gb32_lr2p83e4,G4,PRUNE,old + dominated by lr8e4,,2026-05-16T05:13:36,7268659617,7268512601,/scratch/11114/zhixingliu/AI-RES/runs/sfno_zgplev_group_clone_v11_gb32_lr2p83e4/plasim_sim52_zgplev_group_clone_v11_gb32_lr2p83e4/0/training_checkpoints,,
train,/scratch/11114/zhixingliu/AI-RES/runs/sfno_zgplev_group_clone_v11_gb32_lr4e4,sfno_zgplev_group_clone_v11_gb32_lr4e4,sfno_zgplev_group_clone_v11_gb32_lr4e4,G4,PRUNE,dominated by lr8e4,,2026-05-16T09:35:54,7268679581,7268512857,/scratch/11114/zhixingliu/AI-RES/runs/sfno_zgplev_group_clone_v11_gb32_lr4e4/plasim_sim52_zgplev_group_clone_v11_gb32_lr4e4/0/training_checkpoints,,
train,/scratch/11114/zhixingliu/AI-RES/runs/sfno_zgplev_group_clone_v11_gb32_lr5p66e4,sfno_zgplev_group_clone_v11_gb32_lr5p66e4,sfno_zgplev_group_clone_v11_gb32_lr5p66e4,G4,PRUNE,dominated by lr8e4,,2026-05-16T22:18:50,7268663595,7268512601,/scratch/11114/zhixingliu/AI-RES/runs/sfno_zgplev_group_clone_v11_gb32_lr5p66e4/plasim_sim52_zgplev_group_clone_v11_gb32_lr5p66e4/0/training_checkpoints,,
train,/scratch/11114/zhixingliu/AI-RES/runs/sfno_zgplev_group_clone_v11_gb32_lr8e4,sfno_zgplev_group_clone_v11_gb32_lr8e4,sfno_zgplev_group_clone_v11_gb32_lr8e4,G4,KEEP,"sweep winner. User-verbatim: ""For gb32, sweeping peak learning rate found 8e-4 best so far; ~1e-3 degraded performance, and 1.6e-3 made the loss itself unstable.""",,2026-05-16T23:30:53,7268663689,7268512601,/scratch/11114/zhixingliu/AI-RES/runs/sfno_zgplev_group_clone_v11_gb32_lr8e4/plasim_sim52_zgplev_group_clone_v11_gb32_lr8e4/0/training_checkpoints,,
train,/scratch/11114/zhixingliu/AI-RES/runs/sfno_zgplev_group_clone_v11_gb32_lr8e4_minlr1e4,sfno_zgplev_group_clone_v11_gb32_lr8e4_minlr1e4,sfno_zgplev_group_clone_v11_gb32_lr8e4_minlr1e4,G5,PRUNE,dominated by minlr1e5,,2026-05-20T01:47:42,7268664424,7268512601,/scratch/11114/zhixingliu/AI-RES/runs/sfno_zgplev_group_clone_v11_gb32_lr8e4_minlr1e4/plasim_sim52_zgplev_group_clone_v11_gb32_lr8e4_minlr1e4/0/training_checkpoints,,
train,/scratch/11114/zhixingliu/AI-RES/runs/sfno_zgplev_group_clone_v11_gb32_lr8e4_minlr1e5,sfno_zgplev_group_clone_v11_gb32_lr8e4_minlr1e5,sfno_zgplev_group_clone_v11_gb32_lr8e4_minlr1e5,G5,KEEP,min-LR sweep winner; new operating point for downstream HPO,,2026-05-20T01:37:34,7268665059,7268512601,/scratch/11114/zhixingliu/AI-RES/runs/sfno_zgplev_group_clone_v11_gb32_lr8e4_minlr1e5/plasim_sim52_zgplev_group_clone_v11_gb32_lr8e4_minlr1e5/0/training_checkpoints,,
train,/scratch/11114/zhixingliu/AI-RES/runs/sfno_zgplev_group_clone_v11_gb32_lr8e4_minlr1e5_beta1_0p95,sfno_zgplev_group_clone_v11_gb32_lr8e4_minlr1e5_beta1_0p95,sfno_zgplev_group_clone_v11_gb32_lr8e4_minlr1e5_beta1_0p95,G7,PRUNE,dominated by β₁=0.9 baseline (per project_v11_beta1_sweep_null),,2026-05-20T17:41:28,7268666219,7268512601,/scratch/11114/zhixingliu/AI-RES/runs/sfno_zgplev_group_clone_v11_gb32_lr8e4_minlr1e5_beta1_0p95/plasim_sim52_zgplev_group_clone_v11_gb32_lr8e4_minlr1e5_beta1_0p95/0/training_checkpoints,,
train,/scratch/11114/zhixingliu/AI-RES/runs/sfno_zgplev_group_clone_v11_gb32_lr8e4_minlr1e5_beta1_0p97,sfno_zgplev_group_clone_v11_gb32_lr8e4_minlr1e5_beta1_0p97,sfno_zgplev_group_clone_v11_gb32_lr8e4_minlr1e5_beta1_0p97,G7,PRUNE,dominated by β₁=0.9 baseline,,2026-05-20T17:43:09,7268666597,7268512601,/scratch/11114/zhixingliu/AI-RES/runs/sfno_zgplev_group_clone_v11_gb32_lr8e4_minlr1e5_beta1_0p97/plasim_sim52_zgplev_group_clone_v11_gb32_lr8e4_minlr1e5_beta1_0p97/0/training_checkpoints,,
train,/scratch/11114/zhixingliu/AI-RES/runs/sfno_zgplev_group_clone_v11_gb32_lr8e4_minlr1e5_epochs75,sfno_zgplev_group_clone_v11_gb32_lr8e4_minlr1e5_epochs75,sfno_zgplev_group_clone_v11_gb32_lr8e4_minlr1e5_epochs75,G9,KEEP,current candidate operating point; not yet superseded,,2026-05-22T00:25:29,7268712788,7268512601,/scratch/11114/zhixingliu/AI-RES/runs/sfno_zgplev_group_clone_v11_gb32_lr8e4_minlr1e5_epochs75/plasim_sim52_zgplev_group_clone_v11_gb32_lr8e4_minlr1e5_epochs75/0/training_checkpoints,,
train,/scratch/11114/zhixingliu/AI-RES/runs/sfno_zgplev_group_clone_v11_gb32_lr8e4_minlr1e5_noise0p020_epochs75,sfno_zgplev_group_clone_v11_gb32_lr8e4_minlr1e5_noise0p020_epochs75,sfno_zgplev_group_clone_v11_gb32_lr8e4_minlr1e5_noise0p020_epochs75,G8,KEEP,"1d old, insufficient evidence; review at next prune pass",,2026-05-22T20:48:53,7268715830,7268512601,/scratch/11114/zhixingliu/AI-RES/runs/sfno_zgplev_group_clone_v11_gb32_lr8e4_minlr1e5_noise0p020_epochs75/plasim_sim52_zgplev_group_clone_v11_gb32_lr8e4_minlr1e5_noise0p020_epochs75/0/training_checkpoints,,
train,/scratch/11114/zhixingliu/AI-RES/runs/sfno_zgplev_group_clone_v11_gb32_lr8e4_minlr1e5_noise0p070,sfno_zgplev_group_clone_v11_gb32_lr8e4_minlr1e5_noise0p070,sfno_zgplev_group_clone_v11_gb32_lr8e4_minlr1e5_noise0p070,G8,PRUNE,dominated (failed tas 6h persistence gate per project_v11_noise_sweep_result),,2026-05-21T19:55:35,7268666090,7268512601,/scratch/11114/zhixingliu/AI-RES/runs/sfno_zgplev_group_clone_v11_gb32_lr8e4_minlr1e5_noise0p070/plasim_sim52_zgplev_group_clone_v11_gb32_lr8e4_minlr1e5_noise0p070/0/training_checkpoints,,
train,/scratch/11114/zhixingliu/AI-RES/runs/sfno_zgplev_group_clone_v11_gb32_lr8e4_noise0p020,sfno_zgplev_group_clone_v11_gb32_lr8e4_noise0p020,sfno_zgplev_group_clone_v11_gb32_lr8e4_noise0p020,G6,PRUNE,dominated by baseline noise=0.05 (per project_v11_noise_sweep_result),,2026-05-18T12:35:38,7268665185,7268512601,/scratch/11114/zhixingliu/AI-RES/runs/sfno_zgplev_group_clone_v11_gb32_lr8e4_noise0p020/plasim_sim52_zgplev_group_clone_v11_gb32_lr8e4_noise0p020/0/training_checkpoints,,
train,/scratch/11114/zhixingliu/AI-RES/runs/sfno_zgplev_group_clone_v11_gb32_lr8e4_noise0p035,sfno_zgplev_group_clone_v11_gb32_lr8e4_noise0p035,sfno_zgplev_group_clone_v11_gb32_lr8e4_noise0p035,G6,PRUNE,dominated by baseline noise=0.05,,2026-05-18T13:21:29,7268665791,7268512601,/scratch/11114/zhixingliu/AI-RES/runs/sfno_zgplev_group_clone_v11_gb32_lr8e4_noise0p035/plasim_sim52_zgplev_group_clone_v11_gb32_lr8e4_noise0p035/0/training_checkpoints,,
train,/scratch/11114/zhixingliu/AI-RES/runs/sfno_zgplev_short,sfno_zgplev_short,sfno_zgplev_short,,,,protected_train_dir,2026-05-04T10:03:16,150747953,150690014,/scratch/11114/zhixingliu/AI-RES/runs/sfno_zgplev_short/plasim_sim52_zgplev_short/0/training_checkpoints,,
train,/scratch/11114/zhixingliu/AI-RES/runs/sfno_zgplev_short_ddp,sfno_zgplev_short_ddp,sfno_zgplev_short_ddp,,,,protected_train_dir,2026-05-04T23:35:02,150767843,150691038,/scratch/11114/zhixingliu/AI-RES/runs/sfno_zgplev_short_ddp/plasim_sim52_zgplev_short/0/training_checkpoints,,
train,/scratch/11114/zhixingliu/AI-RES/runs/sfno_zgplev_short_ddp_sweep,sfno_zgplev_short_ddp_sweep,sfno_zgplev_short_ddp_sweep,,,,protected_train_dir,2026-05-07T22:56:21,603007583,0,,,
train,/scratch/11114/zhixingliu/AI-RES/runs/sfno_zgplev_smoke_proto,sfno_zgplev_smoke_proto,sfno_zgplev_smoke_proto,,,,protected_train_dir,2026-05-02T07:33:30,704701,665684,/scratch/11114/zhixingliu/AI-RES/runs/sfno_zgplev_smoke_proto/plasim_sim52_zgplev_smoke/0/training_checkpoints,,
train,/scratch/11114/zhixingliu/AI-RES/runs/sfno_zgplev_tiny_proto,sfno_zgplev_tiny_proto,sfno_zgplev_tiny_proto,,,,protected_train_dir,2026-05-02T07:38:49,4279725,4230334,/scratch/11114/zhixingliu/AI-RES/runs/sfno_zgplev_tiny_proto/plasim_sim52_zgplev_tiny/0/training_checkpoints,,
train,/scratch/11114/zhixingliu/AI-RES/runs/sim52_astro_64x128_zgplev,sim52_astro_64x128_zgplev,sim52_astro_64x128_zgplev,,UNCLASSIFIED_PROTECT,no sweep-group assignment; defaulting to protect,,2026-05-01T23:00:02,14455,0,/scratch/11114/zhixingliu/AI-RES/runs/sim52_astro_64x128_zgplev/plasim_sim52_zgplev_baseline/0/training_checkpoints,,
train,/scratch/11114/zhixingliu/AI-RES/runs/sim52_astro_64x128_zgplev_full,sim52_astro_64x128_zgplev_full,sim52_astro_64x128_zgplev_full,,UNCLASSIFIED_PROTECT,no sweep-group assignment; defaulting to protect,,2026-05-01T22:51:30,27739,0,/scratch/11114/zhixingliu/AI-RES/runs/sim52_astro_64x128_zgplev_full/plasim_sim52_zgplev_full/0/training_checkpoints,,
train,/scratch/11114/zhixingliu/AI-RES/runs/zgplev_proto,zgplev_proto,zgplev_proto,,UNCLASSIFIED_PROTECT,no sweep-group assignment; defaulting to protect,,2026-04-30T13:50:54,4082,0,,,
eval,/work2/11114/zhixingliu/stampede3/AI-RES/results/sfno_eval/20260509_gb4_ema,20260509_gb4_ema,,,UNCLASSIFIED_PROTECT,familyless eval not in plan §3 G0 allow-list; protect by default,,2026-05-09T11:52:04,13463168752,13463146560,,/work2/11114/zhixingliu/stampede3/AI-RES/results/sfno_eval/20260509_gb4_ema/inference,/work2/11114/zhixingliu/stampede3/AI-RES/results/sfno_eval/20260509_gb4_ema/baselines
eval,/work2/11114/zhixingliu/stampede3/AI-RES/results/sfno_eval/20260509_y11valid_gb4_k60,20260509_y11valid_gb4_k60,,,PRUNE,"plan §3 G0 (familyless legacy eval, mtime 2026-05-09)",,2026-05-09T00:54:31,1803256199,1801335014,,/work2/11114/zhixingliu/stampede3/AI-RES/results/sfno_eval/20260509_y11valid_gb4_k60/inference,/work2/11114/zhixingliu/stampede3/AI-RES/results/sfno_eval/20260509_y11valid_gb4_k60/baselines
eval,/work2/11114/zhixingliu/stampede3/AI-RES/results/sfno_eval/20260510_eval-8b395eb_data-e3c934b,20260510_eval-8b395eb_data-e3c934b,,,PRUNE,"plan §3 G0 (familyless legacy eval, mtime 2026-05-14)",,2026-05-14T14:34:42,17067639752,17054623643,,/work2/11114/zhixingliu/stampede3/AI-RES/results/sfno_eval/20260510_eval-8b395eb_data-e3c934b/inference,/work2/11114/zhixingliu/stampede3/AI-RES/results/sfno_eval/20260510_eval-8b395eb_data-e3c934b/baselines
eval,/work2/11114/zhixingliu/stampede3/AI-RES/results/sfno_eval/20260511_eval-8b395eb_data-e3c934b,20260511_eval-8b395eb_data-e3c934b,,,PRUNE,"plan §3 G0 (familyless legacy eval, mtime 2026-05-11)",,2026-05-11T12:07:46,17123984540,17113434053,,/work2/11114/zhixingliu/stampede3/AI-RES/results/sfno_eval/20260511_eval-8b395eb_data-e3c934b/inference,/work2/11114/zhixingliu/stampede3/AI-RES/results/sfno_eval/20260511_eval-8b395eb_data-e3c934b/baselines
eval,/work2/11114/zhixingliu/stampede3/AI-RES/results/sfno_eval/20260512_eval-8b395eb_data-e3c934b,20260512_eval-8b395eb_data-e3c934b,,,PRUNE,"plan §3 G0 (familyless legacy eval, mtime 2026-05-13)",,2026-05-13T08:59:16,17063627764,17057809738,,/work2/11114/zhixingliu/stampede3/AI-RES/results/sfno_eval/20260512_eval-8b395eb_data-e3c934b/inference,/work2/11114/zhixingliu/stampede3/AI-RES/results/sfno_eval/20260512_eval-8b395eb_data-e3c934b/baselines
eval,/work2/11114/zhixingliu/stampede3/AI-RES/results/sfno_eval/20260512_eval-8b395eb_data-e3c934b_ckpt-best_ckpt_ema_mp0,20260512_eval-8b395eb_data-e3c934b_ckpt-best_ckpt_ema_mp0,,,PRUNE,"plan §3 G0 (familyless legacy eval, mtime 2026-05-12)",,2026-05-12T22:14:01,17074883028,17058243218,,/work2/11114/zhixingliu/stampede3/AI-RES/results/sfno_eval/20260512_eval-8b395eb_data-e3c934b_ckpt-best_ckpt_ema_mp0/inference,/work2/11114/zhixingliu/stampede3/AI-RES/results/sfno_eval/20260512_eval-8b395eb_data-e3c934b_ckpt-best_ckpt_ema_mp0/baselines
eval,/work2/11114/zhixingliu/stampede3/AI-RES/results/sfno_eval/20260513_eval-8b395eb_data-e3c934b_family-sfno_zgplev_group_clone_v11_clip,20260513_eval-8b395eb_data-e3c934b_family-sfno_zgplev_group_clone_v11_clip,sfno_zgplev_group_clone_v11_clip,G3,PRUNE,follows training run sfno_zgplev_group_clone_v11_clip: old; clip A/B concluded,,2026-05-13T20:12:50,17067837715,17056864381,,/work2/11114/zhixingliu/stampede3/AI-RES/results/sfno_eval/20260513_eval-8b395eb_data-e3c934b_family-sfno_zgplev_group_clone_v11_clip/inference,/work2/11114/zhixingliu/stampede3/AI-RES/results/sfno_eval/20260513_eval-8b395eb_data-e3c934b_family-sfno_zgplev_group_clone_v11_clip/baselines
eval,/work2/11114/zhixingliu/stampede3/AI-RES/results/sfno_eval/20260513_eval-8b395eb_data-e3c934b_family-sfno_zgplev_group_clone_v11_clip_ckpt-best_ckpt_ema_mp0,20260513_eval-8b395eb_data-e3c934b_family-sfno_zgplev_group_clone_v11_clip_ckpt-best_ckpt_ema_mp0,sfno_zgplev_group_clone_v11_clip,G3,PRUNE,follows training run sfno_zgplev_group_clone_v11_clip: old; clip A/B concluded,,2026-05-13T18:59:21,17067918799,17056900421,,/work2/11114/zhixingliu/stampede3/AI-RES/results/sfno_eval/20260513_eval-8b395eb_data-e3c934b_family-sfno_zgplev_group_clone_v11_clip_ckpt-best_ckpt_ema_mp0/inference,/work2/11114/zhixingliu/stampede3/AI-RES/results/sfno_eval/20260513_eval-8b395eb_data-e3c934b_family-sfno_zgplev_group_clone_v11_clip_ckpt-best_ckpt_ema_mp0/baselines
eval,/work2/11114/zhixingliu/stampede3/AI-RES/results/sfno_eval/20260513_v11_clip_on_v11_testset_ema,20260513_v11_clip_on_v11_testset_ema,,,PRUNE,"plan §3 G0 (familyless legacy eval, mtime 2026-05-13)",,2026-05-13T23:50:29,17066459772,17055298390,,/work2/11114/zhixingliu/stampede3/AI-RES/results/sfno_eval/20260513_v11_clip_on_v11_testset_ema/inference,/work2/11114/zhixingliu/stampede3/AI-RES/results/sfno_eval/20260513_v11_clip_on_v11_testset_ema/baselines
eval,/work2/11114/zhixingliu/stampede3/AI-RES/results/sfno_eval/20260514_eval-8b395eb_data-e3c934b_family-sfno_zgplev_gbhpo40_gb16_lr2_0e-4_20260511_ckpt-best_ckpt_ema_mp0,20260514_eval-8b395eb_data-e3c934b_family-sfno_zgplev_gbhpo40_gb16_lr2_0e-4_20260511_ckpt-best_ckpt_ema_mp0,sfno_zgplev_gbhpo40_gb16_lr2_0e-4_20260511,G1,PRUNE,follows training run sfno_zgplev_gbhpo40_gb16_lr2_0e-4_20260511: old + dominated (GB4 won),,2026-05-14T08:06:08,17068189078,17056916071,,/work2/11114/zhixingliu/stampede3/AI-RES/results/sfno_eval/20260514_eval-8b395eb_data-e3c934b_family-sfno_zgplev_gbhpo40_gb16_lr2_0e-4_20260511_ckpt-best_ckpt_ema_mp0/inference,/work2/11114/zhixingliu/stampede3/AI-RES/results/sfno_eval/20260514_eval-8b395eb_data-e3c934b_family-sfno_zgplev_gbhpo40_gb16_lr2_0e-4_20260511_ckpt-best_ckpt_ema_mp0/baselines
eval,/work2/11114/zhixingliu/stampede3/AI-RES/results/sfno_eval/20260514_eval-8b395eb_data-e3c934b_family-sfno_zgplev_gbhpo40_gb16_lr2_83e-4_20260511_ckpt-best_ckpt_ema_mp0,20260514_eval-8b395eb_data-e3c934b_family-sfno_zgplev_gbhpo40_gb16_lr2_83e-4_20260511_ckpt-best_ckpt_ema_mp0,sfno_zgplev_gbhpo40_gb16_lr2_83e-4_20260511,G1,PRUNE,follows training run sfno_zgplev_gbhpo40_gb16_lr2_83e-4_20260511: old + dominated (GB4 won),,2026-05-14T08:06:14,17070841709,17059568776,,/work2/11114/zhixingliu/stampede3/AI-RES/results/sfno_eval/20260514_eval-8b395eb_data-e3c934b_family-sfno_zgplev_gbhpo40_gb16_lr2_83e-4_20260511_ckpt-best_ckpt_ema_mp0/inference,/work2/11114/zhixingliu/stampede3/AI-RES/results/sfno_eval/20260514_eval-8b395eb_data-e3c934b_family-sfno_zgplev_gbhpo40_gb16_lr2_83e-4_20260511_ckpt-best_ckpt_ema_mp0/baselines
eval,/work2/11114/zhixingliu/stampede3/AI-RES/results/sfno_eval/20260514_v11_noclip_on_v11_testset_ema,20260514_v11_noclip_on_v11_testset_ema,,,PRUNE,"plan §3 G0 (familyless legacy eval, mtime 2026-05-14)",,2026-05-14T01:01:54,17065059690,17053983607,,/work2/11114/zhixingliu/stampede3/AI-RES/results/sfno_eval/20260514_v11_noclip_on_v11_testset_ema/inference,/work2/11114/zhixingliu/stampede3/AI-RES/results/sfno_eval/20260514_v11_noclip_on_v11_testset_ema/baselines
eval,/work2/11114/zhixingliu/stampede3/AI-RES/results/sfno_eval/20260515_eval-867fead_data-8b395eb_train-8b395eb_family-sfno_zgplev_group_clone_v11_clip_warmstart_ckpt-best_ckpt_ema_mp0,20260515_eval-867fead_data-8b395eb_train-8b395eb_family-sfno_zgplev_group_clone_v11_clip_warmstart_ckpt-best_ckpt_ema_mp0,sfno_zgplev_group_clone_v11_clip_warmstart,G3,PRUNE,follows training run sfno_zgplev_group_clone_v11_clip_warmstart: old; warmstart variant of obsoleted v11_clip,,2026-05-15T14:11:01,17063829838,17055361853,,/work2/11114/zhixingliu/stampede3/AI-RES/results/sfno_eval/20260515_eval-867fead_data-8b395eb_train-8b395eb_family-sfno_zgplev_group_clone_v11_clip_warmstart_ckpt-best_ckpt_ema_mp0/inference,/work2/11114/zhixingliu/stampede3/AI-RES/results/sfno_eval/20260515_eval-867fead_data-8b395eb_train-8b395eb_family-sfno_zgplev_group_clone_v11_clip_warmstart_ckpt-best_ckpt_ema_mp0/baselines
eval,/work2/11114/zhixingliu/stampede3/AI-RES/results/sfno_eval/20260515_eval-867fead_data-e3c934b_family-sfno_zgplev_group_clone_gb32_ckpt-best_ckpt_ema_mp0,20260515_eval-867fead_data-e3c934b_family-sfno_zgplev_group_clone_gb32_ckpt-best_ckpt_ema_mp0,sfno_zgplev_group_clone_gb32,G2,PRUNE,follows training run sfno_zgplev_group_clone_gb32: dominated by GB4 (G1) and superseded by v11_gb32 (G4),,2026-05-15T22:13:17,17085268022,17076728970,,/work2/11114/zhixingliu/stampede3/AI-RES/results/sfno_eval/20260515_eval-867fead_data-e3c934b_family-sfno_zgplev_group_clone_gb32_ckpt-best_ckpt_ema_mp0/inference,/work2/11114/zhixingliu/stampede3/AI-RES/results/sfno_eval/20260515_eval-867fead_data-e3c934b_family-sfno_zgplev_group_clone_gb32_ckpt-best_ckpt_ema_mp0/baselines
eval,/work2/11114/zhixingliu/stampede3/AI-RES/results/sfno_eval/20260515_eval-867fead_data-e3c934b_family-sfno_zgplev_group_clone_v10_warmstart_ckpt-best_ckpt_ema_mp0,20260515_eval-867fead_data-e3c934b_family-sfno_zgplev_group_clone_v10_warmstart_ckpt-best_ckpt_ema_mp0,sfno_zgplev_group_clone_v10_warmstart,G2,KEEP,follows training run sfno_zgplev_group_clone_v10_warmstart: live v10 warm-start line of inquiry; not obsoleted by v11,,2026-05-15T14:10:54,17063981516,17055486461,,/work2/11114/zhixingliu/stampede3/AI-RES/results/sfno_eval/20260515_eval-867fead_data-e3c934b_family-sfno_zgplev_group_clone_v10_warmstart_ckpt-best_ckpt_ema_mp0/inference,/work2/11114/zhixingliu/stampede3/AI-RES/results/sfno_eval/20260515_eval-867fead_data-e3c934b_family-sfno_zgplev_group_clone_v10_warmstart_ckpt-best_ckpt_ema_mp0/baselines
eval,/work2/11114/zhixingliu/stampede3/AI-RES/results/sfno_eval/20260515_eval-867fead_data-e3c934b_family-sfno_zgplev_group_clone_v11_gb32_ckpt-best_ckpt_ema_mp0,20260515_eval-867fead_data-e3c934b_family-sfno_zgplev_group_clone_v11_gb32_ckpt-best_ckpt_ema_mp0,sfno_zgplev_group_clone_v11_gb32,G4,PRUNE,follows training run sfno_zgplev_group_clone_v11_gb32: old; baseline (lr=2.83e-4) dominated by lr8e4,,2026-05-15T22:13:21,17082801709,17074282432,,/work2/11114/zhixingliu/stampede3/AI-RES/results/sfno_eval/20260515_eval-867fead_data-e3c934b_family-sfno_zgplev_group_clone_v11_gb32_ckpt-best_ckpt_ema_mp0/inference,/work2/11114/zhixingliu/stampede3/AI-RES/results/sfno_eval/20260515_eval-867fead_data-e3c934b_family-sfno_zgplev_group_clone_v11_gb32_ckpt-best_ckpt_ema_mp0/baselines
eval,/work2/11114/zhixingliu/stampede3/AI-RES/results/sfno_eval/20260516_eval-867fead_data-8b395eb_family-sfno_zgplev_group_clone_v11_gb32_lr2p83e4_ckpt-best_ckpt_ema_mp0,20260516_eval-867fead_data-8b395eb_family-sfno_zgplev_group_clone_v11_gb32_lr2p83e4_ckpt-best_ckpt_ema_mp0,sfno_zgplev_group_clone_v11_gb32_lr2p83e4,G4,PRUNE,follows training run sfno_zgplev_group_clone_v11_gb32_lr2p83e4: old + dominated by lr8e4,,2026-05-16T11:48:24,17075556124,17067102296,,/work2/11114/zhixingliu/stampede3/AI-RES/results/sfno_eval/20260516_eval-867fead_data-8b395eb_family-sfno_zgplev_group_clone_v11_gb32_lr2p83e4_ckpt-best_ckpt_ema_mp0/inference,/work2/11114/zhixingliu/stampede3/AI-RES/results/sfno_eval/20260516_eval-867fead_data-8b395eb_family-sfno_zgplev_group_clone_v11_gb32_lr2p83e4_ckpt-best_ckpt_ema_mp0/baselines
eval,/work2/11114/zhixingliu/stampede3/AI-RES/results/sfno_eval/20260516_eval-867fead_data-8b395eb_family-sfno_zgplev_group_clone_v11_gb32_lr4e4_ckpt-best_ckpt_ema_mp0,20260516_eval-867fead_data-8b395eb_family-sfno_zgplev_group_clone_v11_gb32_lr4e4_ckpt-best_ckpt_ema_mp0,sfno_zgplev_group_clone_v11_gb32_lr4e4,G4,PRUNE,follows training run sfno_zgplev_group_clone_v11_gb32_lr4e4: dominated by lr8e4,,2026-05-16T11:48:08,17075582931,17067151249,,/work2/11114/zhixingliu/stampede3/AI-RES/results/sfno_eval/20260516_eval-867fead_data-8b395eb_family-sfno_zgplev_group_clone_v11_gb32_lr4e4_ckpt-best_ckpt_ema_mp0/inference,/work2/11114/zhixingliu/stampede3/AI-RES/results/sfno_eval/20260516_eval-867fead_data-8b395eb_family-sfno_zgplev_group_clone_v11_gb32_lr4e4_ckpt-best_ckpt_ema_mp0/baselines
eval,/work2/11114/zhixingliu/stampede3/AI-RES/results/sfno_eval/20260516_eval-867fead_data-8b395eb_family-sfno_zgplev_group_clone_v11_gb32_lr5p66e4_ckpt-best_ckpt_ema_mp0,20260516_eval-867fead_data-8b395eb_family-sfno_zgplev_group_clone_v11_gb32_lr5p66e4_ckpt-best_ckpt_ema_mp0,sfno_zgplev_group_clone_v11_gb32_lr5p66e4,G4,PRUNE,follows training run sfno_zgplev_group_clone_v11_gb32_lr5p66e4: dominated by lr8e4,,2026-05-17T06:08:29,17077689249,17069253125,,/work2/11114/zhixingliu/stampede3/AI-RES/results/sfno_eval/20260516_eval-867fead_data-8b395eb_family-sfno_zgplev_group_clone_v11_gb32_lr5p66e4_ckpt-best_ckpt_ema_mp0/inference,/work2/11114/zhixingliu/stampede3/AI-RES/results/sfno_eval/20260516_eval-867fead_data-8b395eb_family-sfno_zgplev_group_clone_v11_gb32_lr5p66e4_ckpt-best_ckpt_ema_mp0/baselines
eval,/work2/11114/zhixingliu/stampede3/AI-RES/results/sfno_eval/20260516_eval-867fead_data-8b395eb_family-sfno_zgplev_group_clone_v11_gb32_lr8e4_ckpt-best_ckpt_ema_mp0,20260516_eval-867fead_data-8b395eb_family-sfno_zgplev_group_clone_v11_gb32_lr8e4_ckpt-best_ckpt_ema_mp0,sfno_zgplev_group_clone_v11_gb32_lr8e4,G4,KEEP,"follows training run sfno_zgplev_group_clone_v11_gb32_lr8e4: sweep winner. User-verbatim: ""For gb32, sweeping peak learning rate found 8e-4 best so far; ~1e-3 degraded performance, and 1.6e-3 made the loss itself unstable.""",,2026-05-17T11:23:45,17074383352,17065724366,,/work2/11114/zhixingliu/stampede3/AI-RES/results/sfno_eval/20260516_eval-867fead_data-8b395eb_family-sfno_zgplev_group_clone_v11_gb32_lr8e4_ckpt-best_ckpt_ema_mp0/inference,/work2/11114/zhixingliu/stampede3/AI-RES/results/sfno_eval/20260516_eval-867fead_data-8b395eb_family-sfno_zgplev_group_clone_v11_gb32_lr8e4_ckpt-best_ckpt_ema_mp0/baselines
eval,/work2/11114/zhixingliu/stampede3/AI-RES/results/sfno_eval/20260517_eval-867fead_data-e3c934b_family-sfno_zgplev_group_clone_v11_gb32_lr1p13e3_ckpt-best_ckpt_ema_mp0,20260517_eval-867fead_data-e3c934b_family-sfno_zgplev_group_clone_v11_gb32_lr1p13e3_ckpt-best_ckpt_ema_mp0,sfno_zgplev_group_clone_v11_gb32_lr1p13e3,G4,PRUNE,"follows training run sfno_zgplev_group_clone_v11_gb32_lr1p13e3: dominated (the ""~1e-3 degraded"" probe)",,2026-05-17T23:30:01,17081773228,17073358247,,/work2/11114/zhixingliu/stampede3/AI-RES/results/sfno_eval/20260517_eval-867fead_data-e3c934b_family-sfno_zgplev_group_clone_v11_gb32_lr1p13e3_ckpt-best_ckpt_ema_mp0/inference,/work2/11114/zhixingliu/stampede3/AI-RES/results/sfno_eval/20260517_eval-867fead_data-e3c934b_family-sfno_zgplev_group_clone_v11_gb32_lr1p13e3_ckpt-best_ckpt_ema_mp0/baselines
eval,/work2/11114/zhixingliu/stampede3/AI-RES/results/sfno_eval/20260518_eval-867fead_data-e3c934b_family-sfno_zgplev_group_clone_v11_gb32_lr8e4_noise0p020_ckpt-best_ckpt_ema_mp0,20260518_eval-867fead_data-e3c934b_family-sfno_zgplev_group_clone_v11_gb32_lr8e4_noise0p020_ckpt-best_ckpt_ema_mp0,sfno_zgplev_group_clone_v11_gb32_lr8e4_noise0p020,G6,PRUNE,follows training run sfno_zgplev_group_clone_v11_gb32_lr8e4_noise0p020: dominated by baseline noise=0.05 (per project_v11_noise_sweep_result),,2026-05-19T05:46:33,17092631084,17084233185,,/work2/11114/zhixingliu/stampede3/AI-RES/results/sfno_eval/20260518_eval-867fead_data-e3c934b_family-sfno_zgplev_group_clone_v11_gb32_lr8e4_noise0p020_ckpt-best_ckpt_ema_mp0/inference,/work2/11114/zhixingliu/stampede3/AI-RES/results/sfno_eval/20260518_eval-867fead_data-e3c934b_family-sfno_zgplev_group_clone_v11_gb32_lr8e4_noise0p020_ckpt-best_ckpt_ema_mp0/baselines
eval,/work2/11114/zhixingliu/stampede3/AI-RES/results/sfno_eval/20260518_eval-867fead_data-e3c934b_family-sfno_zgplev_group_clone_v11_gb32_lr8e4_noise0p035_ckpt-best_ckpt_ema_mp0,20260518_eval-867fead_data-e3c934b_family-sfno_zgplev_group_clone_v11_gb32_lr8e4_noise0p035_ckpt-best_ckpt_ema_mp0,sfno_zgplev_group_clone_v11_gb32_lr8e4_noise0p035,G6,PRUNE,follows training run sfno_zgplev_group_clone_v11_gb32_lr8e4_noise0p035: dominated by baseline noise=0.05,,2026-05-19T05:46:31,17088383692,17079996360,,/work2/11114/zhixingliu/stampede3/AI-RES/results/sfno_eval/20260518_eval-867fead_data-e3c934b_family-sfno_zgplev_group_clone_v11_gb32_lr8e4_noise0p035_ckpt-best_ckpt_ema_mp0/inference,/work2/11114/zhixingliu/stampede3/AI-RES/results/sfno_eval/20260518_eval-867fead_data-e3c934b_family-sfno_zgplev_group_clone_v11_gb32_lr8e4_noise0p035_ckpt-best_ckpt_ema_mp0/baselines
eval,/work2/11114/zhixingliu/stampede3/AI-RES/results/sfno_eval/20260520_eval-867fead_data-8b395eb_family-sfno_zgplev_group_clone_v11_gb32_lr8e4_minlr1e4_ckpt-best_ckpt_ema_mp0,20260520_eval-867fead_data-8b395eb_family-sfno_zgplev_group_clone_v11_gb32_lr8e4_minlr1e4_ckpt-best_ckpt_ema_mp0,sfno_zgplev_group_clone_v11_gb32_lr8e4_minlr1e4,G5,PRUNE,follows training run sfno_zgplev_group_clone_v11_gb32_lr8e4_minlr1e4: dominated by minlr1e5,,2026-05-20T10:57:01,13423995450,13415589947,,/work2/11114/zhixingliu/stampede3/AI-RES/results/sfno_eval/20260520_eval-867fead_data-8b395eb_family-sfno_zgplev_group_clone_v11_gb32_lr8e4_minlr1e4_ckpt-best_ckpt_ema_mp0/inference,/work2/11114/zhixingliu/stampede3/AI-RES/results/sfno_eval/20260520_eval-867fead_data-8b395eb_family-sfno_zgplev_group_clone_v11_gb32_lr8e4_minlr1e4_ckpt-best_ckpt_ema_mp0/baselines
eval,/work2/11114/zhixingliu/stampede3/AI-RES/results/sfno_eval/20260520_eval-867fead_data-8b395eb_family-sfno_zgplev_group_clone_v11_gb32_lr8e4_minlr1e5_beta1_0p95_ckpt-best_ckpt_ema_mp0,20260520_eval-867fead_data-8b395eb_family-sfno_zgplev_group_clone_v11_gb32_lr8e4_minlr1e5_beta1_0p95_ckpt-best_ckpt_ema_mp0,sfno_zgplev_group_clone_v11_gb32_lr8e4_minlr1e5_beta1_0p95,G7,PRUNE,follows training run sfno_zgplev_group_clone_v11_gb32_lr8e4_minlr1e5_beta1_0p95: dominated by β₁=0.9 baseline (per project_v11_beta1_sweep_null),,2026-05-21T01:40:02,13421125767,13412688066,,/work2/11114/zhixingliu/stampede3/AI-RES/results/sfno_eval/20260520_eval-867fead_data-8b395eb_family-sfno_zgplev_group_clone_v11_gb32_lr8e4_minlr1e5_beta1_0p95_ckpt-best_ckpt_ema_mp0/inference,/work2/11114/zhixingliu/stampede3/AI-RES/results/sfno_eval/20260520_eval-867fead_data-8b395eb_family-sfno_zgplev_group_clone_v11_gb32_lr8e4_minlr1e5_beta1_0p95_ckpt-best_ckpt_ema_mp0/baselines
eval,/work2/11114/zhixingliu/stampede3/AI-RES/results/sfno_eval/20260520_eval-867fead_data-8b395eb_family-sfno_zgplev_group_clone_v11_gb32_lr8e4_minlr1e5_beta1_0p97_ckpt-best_ckpt_ema_mp0,20260520_eval-867fead_data-8b395eb_family-sfno_zgplev_group_clone_v11_gb32_lr8e4_minlr1e5_beta1_0p97_ckpt-best_ckpt_ema_mp0,sfno_zgplev_group_clone_v11_gb32_lr8e4_minlr1e5_beta1_0p97,G7,PRUNE,follows training run sfno_zgplev_group_clone_v11_gb32_lr8e4_minlr1e5_beta1_0p97: dominated by β₁=0.9 baseline,,2026-05-21T01:40:02,13420864272,13412436515,,/work2/11114/zhixingliu/stampede3/AI-RES/results/sfno_eval/20260520_eval-867fead_data-8b395eb_family-sfno_zgplev_group_clone_v11_gb32_lr8e4_minlr1e5_beta1_0p97_ckpt-best_ckpt_ema_mp0/inference,/work2/11114/zhixingliu/stampede3/AI-RES/results/sfno_eval/20260520_eval-867fead_data-8b395eb_family-sfno_zgplev_group_clone_v11_gb32_lr8e4_minlr1e5_beta1_0p97_ckpt-best_ckpt_ema_mp0/baselines
eval,/work2/11114/zhixingliu/stampede3/AI-RES/results/sfno_eval/20260520_eval-867fead_data-8b395eb_family-sfno_zgplev_group_clone_v11_gb32_lr8e4_minlr1e5_ckpt-best_ckpt_ema_mp0,20260520_eval-867fead_data-8b395eb_family-sfno_zgplev_group_clone_v11_gb32_lr8e4_minlr1e5_ckpt-best_ckpt_ema_mp0,sfno_zgplev_group_clone_v11_gb32_lr8e4_minlr1e5,G5,KEEP,follows training run sfno_zgplev_group_clone_v11_gb32_lr8e4_minlr1e5: min-LR sweep winner; new operating point for downstream HPO,,2026-05-20T10:57:06,13422912196,13414523980,,/work2/11114/zhixingliu/stampede3/AI-RES/results/sfno_eval/20260520_eval-867fead_data-8b395eb_family-sfno_zgplev_group_clone_v11_gb32_lr8e4_minlr1e5_ckpt-best_ckpt_ema_mp0/inference,/work2/11114/zhixingliu/stampede3/AI-RES/results/sfno_eval/20260520_eval-867fead_data-8b395eb_family-sfno_zgplev_group_clone_v11_gb32_lr8e4_minlr1e5_ckpt-best_ckpt_ema_mp0/baselines
eval,/work2/11114/zhixingliu/stampede3/AI-RES/results/sfno_eval/20260521_eval-867fead_data-8b395eb_family-sfno_zgplev_group_clone_v11_gb32_lr8e4_minlr1e5_noise0p070_ckpt-best_ckpt_ema_mp0,20260521_eval-867fead_data-8b395eb_family-sfno_zgplev_group_clone_v11_gb32_lr8e4_minlr1e5_noise0p070_ckpt-best_ckpt_ema_mp0,sfno_zgplev_group_clone_v11_gb32_lr8e4_minlr1e5_noise0p070,G8,PRUNE,follows training run sfno_zgplev_group_clone_v11_gb32_lr8e4_minlr1e5_noise0p070: dominated (failed tas 6h persistence gate per project_v11_noise_sweep_result),,2026-05-21T22:21:47,17077343838,17068926935,,/work2/11114/zhixingliu/stampede3/AI-RES/results/sfno_eval/20260521_eval-867fead_data-8b395eb_family-sfno_zgplev_group_clone_v11_gb32_lr8e4_minlr1e5_noise0p070_ckpt-best_ckpt_ema_mp0/inference,/work2/11114/zhixingliu/stampede3/AI-RES/results/sfno_eval/20260521_eval-867fead_data-8b395eb_family-sfno_zgplev_group_clone_v11_gb32_lr8e4_minlr1e5_noise0p070_ckpt-best_ckpt_ema_mp0/baselines
eval,/work2/11114/zhixingliu/stampede3/AI-RES/results/sfno_eval/20260521_eval-867fead_data-8b395eb_family-sfno_zgplev_group_clone_v11_gb32_lr8e4_noise0p020_ckpt-best_ckpt_ema_mp0,20260521_eval-867fead_data-8b395eb_family-sfno_zgplev_group_clone_v11_gb32_lr8e4_noise0p020_ckpt-best_ckpt_ema_mp0,sfno_zgplev_group_clone_v11_gb32_lr8e4_noise0p020,G6,PRUNE,follows training run sfno_zgplev_group_clone_v11_gb32_lr8e4_noise0p020: dominated by baseline noise=0.05 (per project_v11_noise_sweep_result),,2026-05-21T23:33:53,17088294027,17079887611,,/work2/11114/zhixingliu/stampede3/AI-RES/results/sfno_eval/20260521_eval-867fead_data-8b395eb_family-sfno_zgplev_group_clone_v11_gb32_lr8e4_noise0p020_ckpt-best_ckpt_ema_mp0/inference,/work2/11114/zhixingliu/stampede3/AI-RES/results/sfno_eval/20260521_eval-867fead_data-8b395eb_family-sfno_zgplev_group_clone_v11_gb32_lr8e4_noise0p020_ckpt-best_ckpt_ema_mp0/baselines
eval,/work2/11114/zhixingliu/stampede3/AI-RES/results/sfno_eval/20260521_eval-867fead_data-8b395eb_family-sfno_zgplev_group_clone_v11_gb32_lr8e4_noise0p035_ckpt-best_ckpt_ema_mp0,20260521_eval-867fead_data-8b395eb_family-sfno_zgplev_group_clone_v11_gb32_lr8e4_noise0p035_ckpt-best_ckpt_ema_mp0,sfno_zgplev_group_clone_v11_gb32_lr8e4_noise0p035,G6,PRUNE,follows training run sfno_zgplev_group_clone_v11_gb32_lr8e4_noise0p035: dominated by baseline noise=0.05,,2026-05-21T22:57:18,17081786907,17073314038,,/work2/11114/zhixingliu/stampede3/AI-RES/results/sfno_eval/20260521_eval-867fead_data-8b395eb_family-sfno_zgplev_group_clone_v11_gb32_lr8e4_noise0p035_ckpt-best_ckpt_ema_mp0/inference,/work2/11114/zhixingliu/stampede3/AI-RES/results/sfno_eval/20260521_eval-867fead_data-8b395eb_family-sfno_zgplev_group_clone_v11_gb32_lr8e4_noise0p035_ckpt-best_ckpt_ema_mp0/baselines
eval,/work2/11114/zhixingliu/stampede3/AI-RES/results/sfno_eval/20260521_eval-867fead_data-e3c934b_family-sfno_zgplev_group_clone_v11_gb32_lr8e4_minlr1e5_noise0p070_ckpt-best_ckpt_ema_mp0,20260521_eval-867fead_data-e3c934b_family-sfno_zgplev_group_clone_v11_gb32_lr8e4_minlr1e5_noise0p070_ckpt-best_ckpt_ema_mp0,sfno_zgplev_group_clone_v11_gb32_lr8e4_minlr1e5_noise0p070,G8,PRUNE,follows training run sfno_zgplev_group_clone_v11_gb32_lr8e4_minlr1e5_noise0p070: dominated (failed tas 6h persistence gate per project_v11_noise_sweep_result),,2026-05-21T21:06:57,17083070064,17074748486,,/work2/11114/zhixingliu/stampede3/AI-RES/results/sfno_eval/20260521_eval-867fead_data-e3c934b_family-sfno_zgplev_group_clone_v11_gb32_lr8e4_minlr1e5_noise0p070_ckpt-best_ckpt_ema_mp0/inference,/work2/11114/zhixingliu/stampede3/AI-RES/results/sfno_eval/20260521_eval-867fead_data-e3c934b_family-sfno_zgplev_group_clone_v11_gb32_lr8e4_minlr1e5_noise0p070_ckpt-best_ckpt_ema_mp0/baselines
eval,/work2/11114/zhixingliu/stampede3/AI-RES/results/sfno_eval/20260521_eval-867fead_data-e3c934b_train-e3c934b_family-sfno_zgplev_full_ckpt-best_ckpt_ema_mp0,20260521_eval-867fead_data-e3c934b_train-e3c934b_family-sfno_zgplev_full_ckpt-best_ckpt_ema_mp0,sfno_zgplev_full,,UNCLASSIFIED_PROTECT,familyless eval not in plan §3 G0 allow-list; protect by default,,2026-05-21T21:12:49,752,0,,/work2/11114/zhixingliu/stampede3/AI-RES/results/sfno_eval/20260521_eval-867fead_data-e3c934b_train-e3c934b_family-sfno_zgplev_full_ckpt-best_ckpt_ema_mp0/inference,/work2/11114/zhixingliu/stampede3/AI-RES/results/sfno_eval/20260521_eval-867fead_data-e3c934b_train-e3c934b_family-sfno_zgplev_full_ckpt-best_ckpt_ema_mp0/baselines
eval,/work2/11114/zhixingliu/stampede3/AI-RES/results/sfno_eval/20260522_eval-867fead_data-8b395eb_family-sfno_zgplev_group_clone_v11_gb32_lr8e4_minlr1e5_epochs75_ckpt-best_ckpt_ema_mp0,20260522_eval-867fead_data-8b395eb_family-sfno_zgplev_group_clone_v11_gb32_lr8e4_minlr1e5_epochs75_ckpt-best_ckpt_ema_mp0,sfno_zgplev_group_clone_v11_gb32_lr8e4_minlr1e5_epochs75,G9,KEEP,follows training run sfno_zgplev_group_clone_v11_gb32_lr8e4_minlr1e5_epochs75: current candidate operating point; not yet superseded,,2026-05-22T10:31:55,17077864687,17069426613,,/work2/11114/zhixingliu/stampede3/AI-RES/results/sfno_eval/20260522_eval-867fead_data-8b395eb_family-sfno_zgplev_group_clone_v11_gb32_lr8e4_minlr1e5_epochs75_ckpt-best_ckpt_ema_mp0/inference,/work2/11114/zhixingliu/stampede3/AI-RES/results/sfno_eval/20260522_eval-867fead_data-8b395eb_family-sfno_zgplev_group_clone_v11_gb32_lr8e4_minlr1e5_epochs75_ckpt-best_ckpt_ema_mp0/baselines
eval,/work2/11114/zhixingliu/stampede3/AI-RES/results/sfno_eval/20260522_eval-867fead_data-8b395eb_family-sfno_zgplev_group_clone_v11_gb32_lr8e4_minlr1e5_noise0p020_epochs75_ckpt-best_ckpt_ema_mp0,20260522_eval-867fead_data-8b395eb_family-sfno_zgplev_group_clone_v11_gb32_lr8e4_minlr1e5_noise0p020_epochs75_ckpt-best_ckpt_ema_mp0,sfno_zgplev_group_clone_v11_gb32_lr8e4_minlr1e5_noise0p020_epochs75,G8,KEEP,"follows training run sfno_zgplev_group_clone_v11_gb32_lr8e4_minlr1e5_noise0p020_epochs75: 1d old, insufficient evidence; review at next prune pass",,2026-05-22T21:08:55,1056,0,,/work2/11114/zhixingliu/stampede3/AI-RES/results/sfno_eval/20260522_eval-867fead_data-8b395eb_family-sfno_zgplev_group_clone_v11_gb32_lr8e4_minlr1e5_noise0p020_epochs75_ckpt-best_ckpt_ema_mp0/inference,/work2/11114/zhixingliu/stampede3/AI-RES/results/sfno_eval/20260522_eval-867fead_data-8b395eb_family-sfno_zgplev_group_clone_v11_gb32_lr8e4_minlr1e5_noise0p020_epochs75_ckpt-best_ckpt_ema_mp0/baselines
eval,/work2/11114/zhixingliu/stampede3/AI-RES/results/sfno_eval/20260522_eval-867fead_data-8b395eb_family-sfno_zgplev_group_clone_v11_gb32_lr8e4_minlr1e5_noise0p020_epochs75_ckpt-best_ckpt_ema_mp0_h100retry,20260522_eval-867fead_data-8b395eb_family-sfno_zgplev_group_clone_v11_gb32_lr8e4_minlr1e5_noise0p020_epochs75_ckpt-best_ckpt_ema_mp0_h100retry,sfno_zgplev_group_clone_v11_gb32_lr8e4_minlr1e5_noise0p020_epochs75,G8,KEEP,"follows training run sfno_zgplev_group_clone_v11_gb32_lr8e4_minlr1e5_noise0p020_epochs75: 1d old, insufficient evidence; review at next prune pass",,2026-05-23T11:06:16,17084064945,17075601337,,/work2/11114/zhixingliu/stampede3/AI-RES/results/sfno_eval/20260522_eval-867fead_data-8b395eb_family-sfno_zgplev_group_clone_v11_gb32_lr8e4_minlr1e5_noise0p020_epochs75_ckpt-best_ckpt_ema_mp0_h100retry/inference,/work2/11114/zhixingliu/stampede3/AI-RES/results/sfno_eval/20260522_eval-867fead_data-8b395eb_family-sfno_zgplev_group_clone_v11_gb32_lr8e4_minlr1e5_noise0p020_epochs75_ckpt-best_ckpt_ema_mp0_h100retry/baselines
eval,/work2/11114/zhixingliu/stampede3/AI-RES/results/sfno_eval/_INVALID_v10data_20260520_eval-867fead_data-e3c934b_family-sfno_zgplev_group_clone_v11_gb32_lr8e4_minlr1e4_ckpt-best_ckpt_ema_mp0,_INVALID_v10data_20260520_eval-867fead_data-e3c934b_family-sfno_zgplev_group_clone_v11_gb32_lr8e4_minlr1e4_ckpt-best_ckpt_ema_mp0,sfno_zgplev_group_clone_v11_gb32_lr8e4_minlr1e4,,PRUNE,user-deprecated by _INVALID_ name prefix,,2026-05-20T07:29:30,17082844914,17074470348,,/work2/11114/zhixingliu/stampede3/AI-RES/results/sfno_eval/_INVALID_v10data_20260520_eval-867fead_data-e3c934b_family-sfno_zgplev_group_clone_v11_gb32_lr8e4_minlr1e4_ckpt-best_ckpt_ema_mp0/inference,/work2/11114/zhixingliu/stampede3/AI-RES/results/sfno_eval/_INVALID_v10data_20260520_eval-867fead_data-e3c934b_family-sfno_zgplev_group_clone_v11_gb32_lr8e4_minlr1e4_ckpt-best_ckpt_ema_mp0/baselines
eval,/work2/11114/zhixingliu/stampede3/AI-RES/results/sfno_eval/_INVALID_v10data_20260520_eval-867fead_data-e3c934b_family-sfno_zgplev_group_clone_v11_gb32_lr8e4_minlr1e5_ckpt-best_ckpt_ema_mp0,_INVALID_v10data_20260520_eval-867fead_data-e3c934b_family-sfno_zgplev_group_clone_v11_gb32_lr8e4_minlr1e5_ckpt-best_ckpt_ema_mp0,sfno_zgplev_group_clone_v11_gb32_lr8e4_minlr1e5,,PRUNE,user-deprecated by _INVALID_ name prefix,,2026-05-20T06:39:24,17081266284,17072861887,,/work2/11114/zhixingliu/stampede3/AI-RES/results/sfno_eval/_INVALID_v10data_20260520_eval-867fead_data-e3c934b_family-sfno_zgplev_group_clone_v11_gb32_lr8e4_minlr1e5_ckpt-best_ckpt_ema_mp0/inference,/work2/11114/zhixingliu/stampede3/AI-RES/results/sfno_eval/_INVALID_v10data_20260520_eval-867fead_data-e3c934b_family-sfno_zgplev_group_clone_v11_gb32_lr8e4_minlr1e5_ckpt-best_ckpt_ema_mp0/baselines
eval,/work2/11114/zhixingliu/stampede3/AI-RES/results/sfno_eval/tas_no_ice_20260514_1415_group_clone_v10_mp0,tas_no_ice_20260514_1415_group_clone_v10_mp0,,,PRUNE,"plan §3 G0 (familyless legacy eval, mtime 2026-05-14)",,2026-05-14T14:35:25,13411045424,13403533182,,/work2/11114/zhixingliu/stampede3/AI-RES/results/sfno_eval/tas_no_ice_20260514_1415_group_clone_v10_mp0/inference,/work2/11114/zhixingliu/stampede3/AI-RES/results/sfno_eval/tas_no_ice_20260514_1415_group_clone_v10_mp0/baselines
eval,/work2/11114/zhixingliu/stampede3/AI-RES/results/sfno_eval/tas_no_ice_20260514_1415_v11_clip_ema,tas_no_ice_20260514_1415_v11_clip_ema,,,PRUNE,"plan §3 G0 (familyless legacy eval, mtime 2026-05-14)",,2026-05-14T14:35:25,13413276284,13405809960,,/work2/11114/zhixingliu/stampede3/AI-RES/results/sfno_eval/tas_no_ice_20260514_1415_v11_clip_ema/inference,/work2/11114/zhixingliu/stampede3/AI-RES/results/sfno_eval/tas_no_ice_20260514_1415_v11_clip_ema/baselines
eval,/work2/11114/zhixingliu/stampede3/AI-RES/results/sfno_eval/v10_zgplev_full_n96,v10_zgplev_full_n96,,,PROTECT,symlink (canonical reference or alias),protected_eval_name,,0,0,,,
